{"/pictures/tiger.png": [
    {
        "x": 0.8723404255319149,
        "width": 2.3659574468085105,
        "y": 0.5609958506224066,
        "height": 1.1053941908713694
    },
    {
        "x": 1.4595744680851062,
        "width": 1.0808510638297875,
        "y": 1.1883817427385892,
        "height": 0.9659751037344401
    },
    {
        "x": 0.5446808510638298,
        "width": 1.2085106382978725,
        "y": 1.1286307053941909,
        "height": 0.8796680497925311
    }
]}