{"file:/C:/Users/alexb/Desktop/tankgame/WeakspotGame/target/classes/pictures/tiger.png": [
    {
        "x": 1.3574468085106381,
        "width": 0.8851063829787236,
        "y": 0.6141078838174274,
        "height": 0.34190871369294606
    },
    {
        "x": 1.65531914893617,
        "width": 1.0851063829787237,
        "y": 0.8431535269709544,
        "height": 0.24564315352697114
    }
]}